data0x03,data0x04,data0x05,data0x06,data0x07,data0x0b,data0x0c,data0x0d,data0x0e,data0x0f,data0x11,data0x14,extra0x14,data0x015,beahavior
2,2.745098,63,8.59375,99.21875,46,854,1,-47.0,33.0,6.2745098,0.88,-10.15625,0.5,safe
2,4.7058824,63,-10.9375,66.40625,51,904,5,-47.0,33.0,6.2745098,0.13,1.5625,0.47,safe
2,7.8431372999999995,63,-11.71875,88.28125,52,1237,7,-41.5,33.0,5.4901960999999995,0.105,2.34375,0.41,safe
2,7.8431372999999995,64,7.8125,99.21875,35,1563,8,-42.5,33.0,5.8823529,0.975,9.375,0.535,safe
2,4.7058824,64,0.78125,75.78125,52,1050,11,63.0,33.0,5.0980392,0.145,-0.78125,0.49,safe
2,3.9215686,64,7.03125,99.21875,44,900,7,-54.0,33.0,3.9215686,0.145,7.03125,0.48,safe
2,2.745098,64,-2.34375,99.21875,41,860,4,-55.0,33.0,3.5294117999999997,0.375,7.03125,0.485,safe
2,7.8431372999999995,67,20.3125,83.59375,49,1053,6,-56.0,33.0,7.8431372999999995,0.64,13.28125,0.535,safe
2,8.627450999999999,67,2.34375,99.21875,40,1817,10,-30.5,33.0,3.5294117999999997,0.075,0.0,0.545,safe
4,5.8823529,67,-3.125,96.09375,46,1146,12,-29.5,33.0,7.8431372999999995,0.1,-4.6875,0.51,safe
2,8.627450999999999,68,-14.0625,45.3125,55,1617,17,-37.0,33.0,10.980392,0.735,8.59375,0.52,safe
2,11.764706,68,5.46875,71.875,50,2031,22,-29.0,33.0,6.2745098,0.1,0.0,0.515,safe
4,9.8039216,68,-2.34375,15.625,56,1477,23,-33.0,33.0,8.627450999999999,0.115,7.03125,0.525,safe
2,8.627450999999999,68,-3.90625,89.0625,48,1590,25,-33.0,33.0,9.019607800000001,0.135,-8.59375,0.53,safe
2,8.627450999999999,69,-11.71875,98.4375,42,1709,26,-29.5,33.0,7.8431372999999995,0.74,-14.0625,0.535,safe
2,6.6666667,69,8.59375,93.75,33,1682,26,-34.5,33.0,2.3529412,0.425,-17.1875,0.54,safe
2,2.745098,69,9.375,99.21875,29,1499,23,53.0,33.0,4.313725499999999,0.07,17.96875,0.56,safe
2,3.9215686,70,36.71875,99.21875,38,1182,18,-39.0,34.0,12.156863000000001,0.965,27.34375,0.635,safe
2,10.980392,70,16.40625,-5.46875,68,1367,21,-37.5,34.0,9.411764699999999,0.91,19.53125,0.6,safe
2,8.627450999999999,70,6.25,41.40625,55,1514,24,-36.0,34.0,9.8039216,0.315,-14.84375,0.61,safe
2,9.8039216,71,-10.15625,82.8125,50,1659,26,-32.0,34.0,7.450980400000001,0.11,-1.5625,0.62,safe
2,6.6666667,71,7.03125,99.21875,38,1659,26,-28.0,33.0,7.0588235,0.93,-17.1875,0.655,safe
2,6.6666667,71,-31.25,99.21875,37,1639,25,-25.5,33.0,6.6666667,0.19,-31.25,0.665,safe
2,6.6666667,72,-37.5,98.4375,31,1575,25,-44.0,33.0,5.4901960999999995,0.075,-35.15625,0.67,safe
2,4.7058824,72,-12.5,99.21875,31,1354,21,53.0,33.0,4.313725499999999,0.065,20.3125,0.665,safe
2,3.9215686,72,37.5,99.21875,33,920,17,-45.5,34.0,3.1372549,0.85,22.65625,0.675,safe
2,2.745098,72,34.375,99.21875,32,1086,11,56.0,34.0,2.745098,0.88,32.8125,0.67,safe
2,2.745098,73,26.5625,99.21875,39,833,5,-55.0,34.0,3.5294117999999997,0.9,16.40625,0.675,safe
2,5.8823529,73,-1.5625,-38.28125,61,1059,5,-47.5,34.0,11.764706,0.105,28.90625,0.685,safe
2,12.941175999999999,74,0.0,96.09375,25,1366,11,-50.0,33.0,12.54902,0.895,-7.03125,0.685,safe
2,11.764706,74,10.15625,-13.28125,68,1643,17,-41.0,34.0,12.54902,0.115,30.46875,0.69,safe
2,14.901960999999998,74,14.0625,85.15625,39,1907,22,-50.5,33.0,9.019607800000001,0.895,-0.78125,0.685,safe
2,8.627450999999999,74,-5.46875,56.25,55,1486,23,-35.5,34.0,9.019607800000001,0.81,-3.125,0.69,safe
2,8.627450999999999,75,-17.96875,98.4375,43,1652,26,-26.0,34.0,6.6666667,0.865,9.375,0.69,safe
2,6.6666667,75,-5.46875,94.53125,28,1649,26,-52.5,33.0,5.0980392,0.065,3.125,0.69,safe
2,4.7058824,75,26.5625,99.21875,32,1438,22,61.0,34.0,5.4901960999999995,0.885,16.40625,0.69,safe
2,4.7058824,75,8.59375,99.21875,33,1273,19,-57.0,34.0,3.9215686,0.82,13.28125,0.7,safe
2,2.745098,76,10.9375,99.21875,30,1065,16,57.5,34.0,1.9607843,0.07,25.0,0.7,safe
2,1.9607843,76,32.03125,99.21875,38,830,14,45.5,34.0,3.1372549,0.76,8.59375,0.7,safe
2,4.7058824,76,14.0625,93.75,49,1100,11,-43.5,34.0,10.588235000000001,0.31,0.0,0.71,safe
2,9.8039216,76,7.8125,-5.46875,72,1232,13,-44.0,34.0,8.627450999999999,0.205,39.84375,0.715,safe
2,7.8431372999999995,77,24.21875,69.53125,55,1259,13,-48.0,34.0,12.156863000000001,0.725,6.25,0.725,safe
2,10.980392,77,25.0,-19.53125,61,1462,15,-35.0,34.0,5.8823529,0.88,5.46875,0.725,safe
2,4.7058824,77,-0.78125,99.21875,34,1165,12,-55.0,33.0,3.5294117999999997,0.155,-4.6875,0.73,safe
2,2.745098,77,3.90625,82.8125,46,839,9,-53.0,34.0,9.411764699999999,0.785,-5.46875,0.74,safe
2,8.627450999999999,78,15.625,11.71875,56,1443,15,-32.5,34.0,7.8431372999999995,0.905,15.625,0.745,safe
2,7.8431372999999995,78,0.0,98.4375,37,1764,18,-47.5,34.0,5.0980392,0.935,-0.78125,0.745,safe
2,3.9215686,78,-9.375,99.21875,42,1189,18,-31.0,34.0,4.7058824,0.1,-0.78125,0.74,safe
2,3.9215686,78,7.03125,99.21875,33,1138,17,57.5,34.0,3.5294117999999997,0.085,10.9375,0.745,safe
2,2.745098,78,24.21875,99.21875,35,802,11,-58.5,34.0,1.9607843,0.915,16.40625,0.75,safe
2,5.8823529,79,10.15625,-49.21875,63,1126,12,-41.5,34.0,7.450980400000001,0.135,31.25,0.76,safe
2,5.8823529,79,18.75,99.21875,30,1334,14,56.0,34.0,3.5294117999999997,0.095,32.03125,0.76,safe
2,2.745098,79,25.78125,99.21875,38,828,8,-52.5,34.0,3.1372549,0.905,15.625,0.765,safe
2,2.745098,79,9.375,99.21875,40,892,5,-49.0,34.0,11.372549000000001,0.64,-3.90625,0.77,safe
2,13.725489999999999,79,22.65625,91.40625,36,1829,11,-51.5,34.0,14.901960999999998,0.95,-0.78125,0.775,safe
2,12.941175999999999,80,10.15625,14.0625,79,1582,17,-47.0,34.0,14.901960999999998,0.09,20.3125,0.77,safe
2,17.647059,80,3.90625,90.625,37,1881,22,-51.5,34.0,12.941175999999999,0.955,-2.34375,0.765,safe
2,10.980392,80,6.25,-14.84375,65,1538,24,-44.5,34.0,11.764706,0.78,11.71875,0.76,safe
2,10.980392,80,13.28125,75.0,50,1731,27,-31.0,34.0,7.8431372999999995,0.635,-12.5,0.76,safe
2,5.8823529,81,11.71875,92.96875,34,1724,27,-23.5,34.0,6.2745098,0.885,-17.96875,0.76,safe
2,5.8823529,81,-32.03125,96.875,34,1682,26,-25.0,34.0,6.6666667,0.13,-28.125,0.76,safe
2,5.8823529,81,-25.78125,96.875,34,1665,26,-24.5,34.0,6.2745098,0.825,-47.65625,0.76,safe
2,5.8823529,81,-43.75,95.3125,31,1643,26,-43.0,34.0,4.7058824,0.09,-21.09375,0.76,safe
2,4.7058824,81,3.125,99.21875,28,1524,23,54.5,34.0,3.9215686,0.105,39.84375,0.76,safe
2,3.9215686,81,39.0625,99.21875,29,1235,19,-55.0,34.0,8.627450999999999,0.94,38.28125,0.78,safe
2,7.8431372999999995,81,26.5625,46.875,54,1425,22,-36.5,34.0,8.235294099999999,0.87,6.25,0.785,safe
2,7.8431372999999995,81,-7.8125,99.21875,43,1619,25,-27.5,34.0,6.6666667,0.415,3.90625,0.79,safe
2,4.7058824,81,-6.25,92.96875,26,1663,26,-20.5,34.0,4.313725499999999,0.925,-6.25,0.8,safe
2,3.9215686,81,-18.75,92.1875,26,1681,26,-20.5,34.0,4.7058824,0.815,-39.84375,0.81,safe
2,5.8823529,81,-35.9375,94.53125,31,1686,26,-22.5,34.0,5.0980392,0.85,-25.78125,0.815,safe
2,4.7058824,80,-39.0625,92.96875,32,1675,26,-23.0,34.0,5.8823529,0.095,-26.5625,0.815,safe
2,5.8823529,80,-22.65625,90.625,30,1710,27,-22.0,34.0,5.4901960999999995,0.16,-12.5,0.81,safe
2,5.8823529,79,-25.0,91.40625,30,1713,27,-21.5,34.0,6.2745098,0.115,-18.75,0.81,safe
2,5.8823529,79,-26.5625,92.96875,32,1681,26,-32.5,34.0,6.2745098,0.885,-17.96875,0.81,safe
2,5.8823529,79,-32.03125,98.4375,37,1647,26,-28.0,34.0,6.6666667,0.635,-54.6875,0.815,safe
2,7.8431372999999995,79,-32.03125,98.4375,32,1681,26,-21.0,34.0,2.745098,0.08,8.59375,0.815,safe
2,4.7058824,79,17.96875,99.21875,26,1473,23,56.5,34.0,3.9215686,0.07,36.71875,0.815,safe
2,3.9215686,79,41.40625,99.21875,31,1216,19,-49.0,34.0,6.2745098,0.935,35.9375,0.83,safe
2,6.6666667,79,25.78125,-28.90625,61,1320,20,-43.0,35.0,10.196078,0.885,30.46875,0.84,safe
2,8.627450999999999,79,17.1875,82.8125,49,1563,24,-27.0,34.0,7.450980400000001,0.895,-5.46875,0.85,safe
2,7.8431372999999995,79,-21.09375,99.21875,38,1664,26,-26.5,34.0,7.8431372999999995,0.39,-35.15625,0.845,safe
2,6.6666667,79,-21.09375,97.65625,37,1718,27,-26.5,34.0,7.0588235,0.28,-43.75,0.835,safe
2,6.6666667,79,-25.0,98.4375,38,1788,28,-27.0,34.0,6.6666667,0.22,-49.21875,0.83,safe
2,6.6666667,79,-19.53125,89.0625,33,1801,28,-23.5,34.0,5.8823529,0.795,-34.375,0.825,safe
2,5.8823529,79,-14.0625,89.84375,33,1746,27,-26.0,34.0,6.2745098,0.795,-35.9375,0.825,safe
2,5.8823529,79,-32.03125,92.96875,33,1708,26,-32.0,34.0,6.2745098,0.64,-0.78125,0.82,safe
2,5.8823529,79,-7.03125,96.09375,33,1655,26,-26.0,34.0,3.5294117999999997,0.775,11.71875,0.82,safe
2,6.6666667,79,-1.5625,99.21875,37,1559,24,-29.5,34.0,7.450980400000001,0.31,25.78125,0.815,safe
2,6.6666667,79,8.59375,99.21875,38,1572,25,-28.5,34.0,6.6666667,0.82,-13.28125,0.82,safe
2,5.8823529,80,-13.28125,99.21875,37,1531,24,-28.0,34.0,5.4901960999999995,0.32,-14.0625,0.815,safe
2,3.9215686,80,12.5,99.21875,29,1431,22,-28.5,34.0,4.7058824,0.87,11.71875,0.81,safe
2,3.9215686,80,0.78125,99.21875,32,1158,20,-50.5,34.0,4.313725499999999,0.105,12.5,0.815,safe
4,4.7058824,80,0.0,99.21875,33,1307,14,-26.5,34.0,6.6666667,0.655,6.25,0.815,safe
2,10.980392,80,-5.46875,-11.71875,62,1632,17,-41.0,35.0,11.764706,0.79,26.5625,0.81,safe
2,12.941175999999999,80,9.375,50.0,53,2043,22,-33.0,35.0,12.54902,0.105,0.0,0.81,safe
4,5.8823529,80,0.0,99.21875,44,1418,22,-36.0,34.0,9.411764699999999,0.1,0.78125,0.805,safe
2,8.627450999999999,80,12.5,99.21875,40,1542,24,-25.0,34.0,3.9215686,0.89,5.46875,0.805,safe
2,2.745098,80,-5.46875,99.21875,25,1462,23,-57.0,34.0,5.0980392,0.93,-4.6875,0.82,safe
2,3.9215686,81,3.90625,99.21875,32,1306,20,-34.0,34.0,8.627450999999999,0.82,7.8125,0.815,safe
2,7.8431372999999995,81,21.875,99.21875,38,1382,21,-25.5,34.0,5.4901960999999995,0.905,23.4375,0.815,safe
2,7.8431372999999995,81,11.71875,85.9375,50,1457,23,-32.5,34.0,7.0588235,0.2,2.34375,0.83,safe
2,5.8823529,81,-0.78125,99.21875,36,1532,24,-26.0,34.0,7.0588235,0.86,-2.34375,0.835,safe
2,6.6666667,81,-3.90625,99.21875,39,1597,25,-26.5,34.0,7.0588235,0.155,-2.34375,0.835,safe
2,6.6666667,81,4.6875,98.4375,36,1650,26,-26.0,34.0,7.0588235,0.115,8.59375,0.83,safe
2,6.6666667,81,0.0,99.21875,37,1672,26,-25.0,34.0,6.6666667,0.795,6.25,0.83,safe
2,4.7058824,81,4.6875,99.21875,26,1589,24,-49.5,34.0,5.0980392,0.19,10.9375,0.83,safe
2,4.7058824,81,25.0,99.21875,30,1369,21,51.5,34.0,4.313725499999999,0.09,38.28125,0.83,safe
2,3.9215686,81,28.125,99.21875,31,1125,17,61.0,35.0,7.450980400000001,0.915,25.0,0.845,safe
2,6.6666667,81,16.40625,-14.0625,58,1216,19,-38.5,35.0,7.450980400000001,0.84,34.375,0.84,safe
2,8.627450999999999,81,22.65625,13.28125,56,1408,22,-39.5,35.0,9.019607800000001,0.665,1.5625,0.845,safe
2,9.8039216,81,7.03125,80.46875,50,1642,25,-34.5,35.0,9.019607800000001,0.845,2.34375,0.845,safe
2,8.627450999999999,81,12.5,96.875,36,1746,27,-21.0,35.0,3.1372549,0.11,18.75,0.84,safe
2,4.7058824,81,25.78125,93.75,28,1641,26,-61.5,34.0,4.7058824,0.845,21.09375,0.84,safe
2,3.9215686,81,15.625,98.4375,37,1593,25,-29.0,35.0,7.450980400000001,0.815,3.90625,0.845,safe
2,6.6666667,81,-1.5625,99.21875,38,1705,27,-27.0,35.0,6.6666667,0.215,1.5625,0.84,safe
2,6.6666667,81,9.375,96.875,35,1760,27,-22.0,35.0,1.9607843,0.07,28.90625,0.84,safe
2,2.745098,80,28.90625,92.96875,29,1633,26,-21.5,35.0,6.6666667,0.15,21.875,0.84,safe
2,6.6666667,80,17.1875,99.21875,40,1679,26,-27.5,35.0,7.0588235,0.75,-7.03125,0.84,safe
2,5.8823529,80,11.71875,91.40625,24,1669,26,-28.5,35.0,5.0980392,0.8,22.65625,0.84,safe
2,4.7058824,80,21.09375,97.65625,25,1615,25,-24.0,35.0,4.7058824,0.91,31.25,0.845,safe
2,4.7058824,80,18.75,99.21875,30,1464,23,48.5,35.0,7.8431372999999995,0.24,36.71875,0.845,safe
2,5.8823529,80,21.09375,99.21875,45,1428,22,-33.5,35.0,6.6666667,0.7,0.78125,0.86,safe
2,6.6666667,81,0.78125,99.21875,39,1514,23,-25.5,35.0,4.313725499999999,0.155,-9.375,0.86,safe
2,4.7058824,81,14.0625,99.21875,31,1455,23,-62.5,35.0,4.7058824,0.775,1.5625,0.85,safe
2,3.9215686,81,19.53125,99.21875,31,1210,19,54.5,35.0,3.1372549,0.815,29.6875,0.845,safe
2,1.9607843,81,23.4375,99.21875,38,831,13,53.5,35.0,5.4901960999999995,0.86,10.9375,0.85,safe
2,4.7058824,81,18.75,89.0625,54,1278,13,-45.0,35.0,10.980392,0.09,25.78125,0.845,safe
2,11.764706,81,26.5625,-3.90625,61,1834,20,-38.0,35.0,12.941175999999999,0.815,19.53125,0.845,safe
2,10.980392,82,0.0,78.125,26,1545,22,-61.5,35.0,13.725489999999999,0.11,-1.5625,0.845,safe
2,12.941175999999999,81,25.78125,-10.15625,64,1693,27,-40.0,35.0,9.411764699999999,0.865,12.5,0.835,safe
2,6.6666667,82,25.78125,85.9375,30,1764,27,-38.5,35.0,6.6666667,0.85,3.125,0.83,safe
2,6.6666667,82,6.25,99.21875,37,1726,27,-35.0,35.0,6.6666667,0.165,10.9375,0.83,safe
2,5.8823529,82,10.15625,94.53125,32,1703,27,-26.0,35.0,5.8823529,0.125,25.0,0.82,safe
2,4.7058824,82,14.0625,96.09375,29,1575,25,-47.5,35.0,3.9215686,0.825,-3.125,0.825,safe
2,3.9215686,82,13.28125,99.21875,28,1336,20,54.5,35.0,4.313725499999999,0.075,45.3125,0.825,safe
2,9.8039216,82,35.15625,7.03125,74,1354,21,-49.0,35.0,12.54902,0.855,28.90625,0.845,safe
2,12.941175999999999,82,27.34375,18.75,56,1658,26,-34.5,35.0,9.411764699999999,0.86,3.125,0.855,safe
2,8.627450999999999,82,-13.28125,96.875,44,1764,28,-28.5,35.0,7.8431372999999995,0.09,9.375,0.84,safe
2,7.8431372999999995,82,11.71875,99.21875,37,1798,28,-24.0,35.0,7.0588235,0.13,6.25,0.835,safe
2,6.6666667,82,0.78125,93.75,35,1805,28,-24.5,35.0,6.6666667,0.86,1.5625,0.835,safe
2,6.6666667,82,0.78125,90.625,33,1788,28,-23.5,35.0,6.6666667,0.835,9.375,0.83,safe
2,5.8823529,82,12.5,89.0625,32,1740,27,-40.5,35.0,2.3529412,0.09,29.6875,0.825,safe
2,2.745098,82,44.53125,99.21875,27,1479,23,52.0,35.0,3.5294117999999997,0.8,27.34375,0.835,safe
2,6.6666667,82,22.65625,17.1875,63,1318,21,-50.0,36.0,13.333332999999998,0.155,32.03125,0.845,safe
2,12.941175999999999,82,20.3125,-7.03125,69,1615,25,-44.5,35.0,12.54902,0.85,27.34375,0.84,safe
2,12.941175999999999,82,28.125,63.28125,53,1764,27,-37.5,35.0,10.588235000000001,0.805,0.78125,0.85,safe
2,10.980392,82,6.25,71.875,52,1780,28,-37.5,35.0,10.980392,0.22,4.6875,0.84,safe
2,10.980392,82,-1.5625,70.3125,52,1764,27,-35.5,35.0,9.8039216,0.49,-7.8125,0.835,safe
2,9.8039216,82,3.90625,85.15625,46,1697,27,-26.5,35.0,4.313725499999999,0.07,25.78125,0.83,safe
2,4.7058824,82,32.8125,99.21875,35,1456,22,62.5,35.0,4.7058824,0.885,14.84375,0.83,safe
2,5.8823529,82,3.90625,-30.46875,62,1281,19,-50.5,35.0,14.117647,0.08,18.75,0.835,safe
2,13.725489999999999,83,20.3125,15.625,75,1521,24,-49.0,35.0,14.117647,0.825,18.75,0.835,safe
2,14.901960999999998,83,27.34375,-5.46875,70,1645,26,-44.0,35.0,12.941175999999999,0.765,25.0,0.825,safe
2,12.941175999999999,83,21.09375,16.40625,57,1733,26,-41.0,35.0,11.764706,0.82,18.75,0.82,safe
2,12.941175999999999,83,23.4375,14.84375,59,1771,27,-40.0,35.0,12.156863000000001,0.83,17.96875,0.82,safe
2,12.941175999999999,83,12.5,37.5,54,1770,28,-36.5,35.0,9.411764699999999,0.85,-6.25,0.83,safe
2,10.980392,83,-7.8125,71.09375,54,1769,27,-40.0,35.0,10.980392,0.175,10.9375,0.82,safe
2,11.764706,83,3.125,41.40625,55,1787,28,-38.0,35.0,10.980392,0.38,-2.34375,0.815,safe
2,11.764706,83,0.78125,52.34375,54,1831,28,-37.0,35.0,10.196078,0.785,-4.6875,0.815,safe
2,8.627450999999999,83,6.25,94.53125,50,1854,29,-37.0,35.0,11.764706,0.095,11.71875,0.81,safe
2,11.764706,83,6.25,66.40625,51,1950,30,-28.5,35.0,5.0980392,0.085,14.0625,0.8,safe
2,5.8823529,83,25.0,79.6875,31,1852,29,-25.0,35.0,1.5686275,0.29,28.125,0.805,safe
2,2.745098,83,10.15625,92.96875,21,1612,25,-25.5,35.0,3.9215686,0.41,-7.03125,0.82,safe
2,3.9215686,83,18.75,99.21875,48,1332,21,-46.5,35.0,13.333332999999998,0.2,23.4375,0.84,safe
2,12.941175999999999,83,25.0,-12.5,64,1637,25,-42.0,36.0,10.196078,0.875,15.625,0.85,safe
2,9.8039216,83,0.0,97.65625,41,1795,28,-21.0,35.0,5.8823529,0.08,35.15625,0.845,safe
2,5.8823529,83,28.90625,89.0625,32,1793,28,-30.5,35.0,4.313725499999999,0.12,21.09375,0.835,safe
2,5.8823529,83,33.59375,89.0625,32,1774,28,-28.0,35.0,5.8823529,0.12,26.5625,0.835,safe
2,4.7058824,83,36.71875,83.59375,21,1743,27,-33.5,35.0,5.0980392,0.9,24.21875,0.845,safe
2,4.7058824,83,11.71875,90.625,28,1681,26,-27.0,35.0,6.6666667,0.88,15.625,0.845,safe
2,5.8823529,83,3.125,88.28125,32,1779,28,-21.0,35.0,5.0980392,0.2,13.28125,0.84,safe
2,4.7058824,83,32.03125,78.90625,25,1809,28,-38.5,35.0,3.5294117999999997,0.56,8.59375,0.835,safe
2,3.9215686,83,35.9375,85.9375,28,1728,26,-22.0,36.0,4.313725499999999,0.88,36.71875,0.845,safe
2,3.9215686,82,32.8125,85.15625,25,1740,27,-20.5,36.0,3.1372549,0.875,30.46875,0.855,safe
2,2.745098,82,17.96875,89.0625,21,1696,26,-20.5,36.0,3.1372549,0.105,11.71875,0.865,safe
2,2.745098,82,37.5,98.4375,26,1672,26,59.5,36.0,5.8823529,0.29,30.46875,0.86,safe
2,5.8823529,82,32.8125,98.4375,25,1702,27,-20.5,36.0,3.9215686,0.31,13.28125,0.865,safe
2,3.9215686,82,17.1875,97.65625,22,1707,27,-20.5,36.0,3.5294117999999997,0.505,28.125,0.86,safe
2,2.745098,82,42.1875,98.4375,21,1617,25,-21.0,36.0,3.1372549,0.15,42.96875,0.855,safe
2,2.745098,82,35.15625,99.21875,22,1593,25,-21.0,36.0,3.1372549,0.8,16.40625,0.875,safe
2,2.745098,82,25.78125,99.21875,29,1581,25,-50.0,36.0,8.235294099999999,0.905,27.34375,0.875,safe
2,9.8039216,82,12.5,62.5,52,1640,25,-35.5,36.0,9.019607800000001,0.215,-1.5625,0.855,safe
2,6.6666667,82,25.78125,97.65625,29,1770,27,-20.0,36.0,4.7058824,0.435,46.875,0.845,safe
2,4.7058824,82,27.34375,96.875,25,1769,27,-20.0,36.0,3.9215686,0.15,17.1875,0.845,safe
2,3.9215686,82,34.375,96.875,23,1725,27,-20.0,36.0,3.1372549,0.37,36.71875,0.84,safe
2,2.745098,82,18.75,98.4375,20,1701,27,-20.5,36.0,3.1372549,0.8,32.03125,0.845,safe
2,2.745098,82,43.75,99.21875,21,1651,25,-21.0,36.0,3.1372549,0.895,41.40625,0.865,safe
2,4.7058824,81,29.6875,99.21875,29,1313,20,58.5,36.0,3.5294117999999997,0.15,36.71875,0.86,safe
2,2.745098,81,27.34375,99.21875,35,887,10,-52.0,36.0,2.3529412,0.83,17.1875,0.86,safe
2,2.745098,82,10.15625,99.21875,47,1086,11,-48.0,36.0,10.980392,0.07,14.0625,0.86,safe
2,11.764706,82,30.46875,67.96875,51,1936,20,-47.0,36.0,2.745098,0.08,0.0,0.84,safe
4,4.7058824,82,-6.25,99.21875,38,1463,22,-29.5,36.0,6.6666667,0.09,3.125,0.83,safe
2,6.6666667,82,9.375,99.21875,37,1694,27,-20.5,36.0,3.1372549,0.075,13.28125,0.83,safe
2,3.9215686,82,41.40625,97.65625,25,1737,27,52.0,36.0,5.4901960999999995,0.065,46.09375,0.83,safe
2,4.7058824,81,52.34375,98.4375,30,1650,26,55.0,36.0,6.2745098,0.83,32.8125,0.835,safe
2,4.7058824,81,19.53125,97.65625,27,1713,26,-20.5,36.0,3.1372549,0.295,41.40625,0.835,safe
2,2.745098,81,34.375,98.4375,21,1657,26,-62.5,36.0,4.313725499999999,0.86,46.09375,0.84,safe
2,4.7058824,81,32.8125,97.65625,29,1689,26,-20.5,36.0,5.4901960999999995,0.105,39.0625,0.845,safe
2,4.7058824,81,34.375,96.875,24,1719,27,-20.0,36.0,3.9215686,0.825,13.28125,0.87,safe
2,3.9215686,81,0.78125,97.65625,23,1720,27,-20.5,36.0,3.9215686,0.07,37.5,0.86,safe
2,3.9215686,80,32.8125,96.875,25,1740,27,-20.0,36.0,5.8823529,0.7,10.9375,0.85,safe
2,5.8823529,80,32.03125,96.875,29,1831,29,-20.5,36.0,5.8823529,0.105,35.15625,0.845,safe
2,5.8823529,80,31.25,94.53125,20,1864,29,-46.0,36.0,5.4901960999999995,0.84,22.65625,0.84,safe
2,5.8823529,80,15.625,96.09375,23,1827,28,-20.0,36.0,5.0980392,0.13,53.125,0.84,safe
2,4.7058824,80,37.5,96.09375,25,1811,28,-19.5,36.0,3.9215686,0.86,14.84375,0.86,safe
2,4.7058824,80,14.84375,96.09375,26,1802,28,-20.0,36.0,3.9215686,0.84,19.53125,0.855,safe
2,3.9215686,80,34.375,96.875,25,1779,28,-19.5,36.0,5.4901960999999995,0.77,21.875,0.85,safe
2,4.7058824,80,7.03125,96.875,24,1769,28,-20.0,36.0,5.0980392,0.345,38.28125,0.845,safe
2,4.7058824,80,21.09375,98.4375,21,1721,27,-20.5,36.0,3.5294117999999997,0.19,33.59375,0.845,safe
2,2.745098,80,28.125,99.21875,30,1386,21,60.5,36.0,3.9215686,0.09,32.03125,0.84,safe
2,2.745098,80,30.46875,99.21875,35,900,13,-57.5,36.0,3.1372549,0.845,19.53125,0.845,safe
2,2.745098,80,13.28125,99.21875,39,843,4,-46.0,36.0,5.0980392,0.72,3.90625,0.85,safe
2,4.7058824,80,3.125,92.1875,51,813,4,-44.5,36.0,3.9215686,0.38,5.46875,0.845,safe
2,4.7058824,81,3.125,99.21875,46,1324,7,-31.0,36.0,6.6666667,0.85,10.15625,0.84,safe
2,7.8431372999999995,81,-4.6875,99.21875,46,1941,11,-40.5,36.0,2.3529412,0.055,0.0,0.84,safe
4,4.7058824,81,-3.90625,99.21875,47,1120,11,-58.0,36.0,5.8823529,0.125,0.0,0.835,safe
2,3.9215686,81,-7.8125,99.21875,40,887,9,-57.0,36.0,3.1372549,0.075,-1.5625,0.83,safe
2,2.745098,81,5.46875,99.21875,38,854,6,-59.0,36.0,2.745098,0.71,0.0,0.825,safe
2,2.745098,81,8.59375,99.21875,36,816,1,-57.0,36.0,2.3529412,0.615,9.375,0.825,safe
2,7.8431372999999995,54,7.8125,55.46875,49,1172,6,-43.5,33.0,12.54902,0.945,12.5,0.075,unsafe
2,12.941175999999999,54,22.65625,25.78125,51,2037,11,-39.5,33.0,13.333332999999998,0.87,0.0,0.085,unsafe
2,13.725489999999999,54,-12.5,54.6875,46,1305,14,-62.0,33.0,4.313725499999999,0.04,17.96875,0.005,unsafe
2,3.9215686,55,26.5625,99.21875,36,959,10,-51.0,33.0,3.1372549,0.88,14.84375,0.015,unsafe
2,2.745098,55,7.8125,99.21875,39,867,2,-53.0,33.0,12.54902,0.955,-3.90625,0.105,unsafe
4,7.8431372999999995,55,0.0,20.3125,61,1155,6,-46.0,33.0,9.411764699999999,0.055,8.59375,0.045,unsafe
2,13.725489999999999,56,16.40625,12.5,70,2513,14,-32.0,33.0,2.745098,0.025,0.0,0.0,unsafe
4,7.8431372999999995,56,-8.59375,99.21875,46,1583,16,-30.0,33.0,7.8431372999999995,0.245,-14.0625,0.085,unsafe
2,4.7058824,56,0.0,99.21875,34,1597,17,-40.5,33.0,12.54902,0.935,-10.15625,0.085,unsafe
2,22.745098000000002,57,-14.84375,21.09375,75,2302,25,-53.0,34.0,8.235294099999999,0.04,0.0,0.005,unsafe
4,21.960784,57,-12.5,5.46875,88,1834,29,-38.0,34.0,14.117647,0.05,7.03125,0.03,unsafe
2,16.862745,58,12.5,14.0625,59,2149,33,-29.0,33.0,12.54902,0.69,6.25,0.035,unsafe
2,10.980392,58,14.0625,92.1875,23,2156,33,-18.5,33.0,3.5294117999999997,0.015,0.0,0.0,unsafe
4,3.9215686,59,0.0,97.65625,23,1613,25,58.0,33.0,4.7058824,0.84,-5.46875,0.0,unsafe
2,3.9215686,59,11.71875,21.875,90,1293,20,-47.5,34.0,22.745098000000002,0.89,-3.90625,0.13,unsafe
2,23.921569,59,-6.25,57.03125,37,1703,28,-43.0,34.0,13.725489999999999,0.92,3.125,0.015,unsafe
2,25.882353,60,-14.84375,3.125,94,2104,33,-42.0,34.0,21.960784,0.7,20.3125,0.14,unsafe
4,2.745098,60,0.0,18.75,59,1669,36,-39.5,34.0,14.901960999999998,0.07,-12.5,0.165,unsafe
2,10.980392,61,17.96875,97.65625,23,1627,33,-46.0,33.0,5.8823529,0.96,39.84375,0.155,unsafe
2,3.9215686,61,30.46875,99.21875,58,1778,26,-44.0,34.0,5.0980392,0.79,8.59375,0.215,unsafe
2,3.9215686,62,34.375,99.21875,30,1403,21,-50.0,33.0,4.7058824,0.91,25.0,0.21,unsafe
2,3.9215686,62,17.1875,99.21875,38,936,10,-56.5,33.0,3.5294117999999997,0.88,5.46875,0.225,unsafe
2,2.745098,62,-1.5625,99.21875,40,863,1,-55.0,33.0,3.5294117999999997,0.145,14.0625,0.25,unsafe
2,2.745098,63,-2.34375,14.0625,82,1930,3,-44.5,34.0,15.294118,0.08,8.59375,0.315,unsafe
2,22.745098000000002,64,0.0,88.28125,24,1648,14,59.0,33.0,13.725489999999999,0.93,-10.9375,0.32,unsafe
2,18.823529,64,-4.6875,4.6875,99,2091,22,-44.0,34.0,24.313725,0.06,0.0,0.315,unsafe
4,2.745098,64,0.0,5.46875,99,1829,28,-48.5,34.0,34.509803999999995,0.095,-10.9375,0.34,unsafe
2,21.960784,65,14.84375,1.5625,79,2285,36,-20.5,33.0,14.509804,0.755,0.0,0.355,unsafe
2,14.901960999999998,65,-7.03125,17.96875,59,1853,38,-39.0,33.0,1.9607843,0.035,0.0,0.365,unsafe
4,2.745098,66,0.0,98.4375,20,1627,33,-60.0,33.0,3.5294117999999997,0.075,2.34375,0.0,unsafe
2,3.9215686,66,7.8125,99.21875,38,1301,20,47.0,33.0,3.5294117999999997,0.02,12.5,0.0,unsafe
2,2.745098,66,21.09375,99.21875,39,916,17,63.0,33.0,3.5294117999999997,0.79,8.59375,0.035,unsafe
2,12.941175999999999,67,0.78125,18.75,79,1561,17,-41.5,34.0,11.372549000000001,0.085,22.65625,0.385,unsafe
2,8.627450999999999,67,24.21875,20.3125,68,1650,17,-45.0,34.0,14.117647,0.33,0.0,0.405,unsafe
2,15.686275,67,16.40625,17.96875,64,1827,19,-52.0,34.0,2.3529412,0.04,0.0,0.405,unsafe
4,3.9215686,68,-9.375,99.21875,31,1231,13,-53.0,33.0,12.54902,0.935,0.0,0.415,unsafe
2,14.901960999999998,68,-2.34375,14.0625,81,1843,20,-42.0,34.0,18.823529,0.775,17.96875,0.42,unsafe
4,6.6666667,68,0.0,22.65625,75,1543,25,-39.0,34.0,9.411764699999999,0.07,7.8125,0.425,unsafe
2,9.8039216,69,6.25,97.65625,22,1647,25,-20.5,33.0,7.450980400000001,0.605,43.75,0.42,unsafe
2,3.9215686,69,28.125,99.21875,34,981,13,52.5,33.0,3.5294117999999997,0.295,22.65625,0.43,unsafe
2,12.941175999999999,69,11.71875,22.65625,75,1631,17,-31.0,34.0,2.745098,0.04,0.0,0.445,unsafe
4,2.745098,70,0.0,99.21875,27,1160,12,-39.0,33.0,4.7058824,0.075,7.8125,0.445,unsafe
2,3.9215686,70,0.0,-7.8125,68,985,10,-57.5,34.0,52.941176,0.66,-16.40625,0.47,unsafe
2,23.921569,70,11.71875,3.125,99,2221,24,-44.5,34.0,11.764706,0.055,0.0,0.465,unsafe
4,15.686275,71,3.90625,5.46875,99,1834,29,-49.0,34.0,55.686275,0.84,6.25,0.485,unsafe
2,31.764706,71,2.34375,0.78125,98,2472,38,-16.5,34.0,18.431373,0.735,0.0,0.49,unsafe
2,22.745098000000002,72,2.34375,22.65625,76,1978,41,-43.0,34.0,16.862745,0.715,0.0,0.49,unsafe
2,17.647059,73,0.0,92.1875,20,2052,42,-19.5,33.0,3.5294117999999997,0.085,22.65625,0.495,unsafe
2,3.9215686,73,0.0,94.53125,18,1845,38,-50.5,33.0,2.745098,0.04,0.0,0.5,unsafe
4,2.745098,74,0.0,99.21875,38,1200,25,47.0,33.0,10.196078,0.02,3.125,0.5,unsafe
2,17.647059,74,-3.90625,7.03125,95,1792,28,-50.0,34.0,29.411765000000003,0.83,9.375,0.505,unsafe
2,29.803921999999996,74,5.46875,0.78125,92,2461,39,-61.0,34.0,0.78431373,0.025,0.0,0.495,unsafe
4,25.882353,74,-5.46875,13.28125,76,2102,44,-35.5,33.0,6.6666667,0.135,0.0,0.505,unsafe
4,2.745098,75,0.0,91.40625,15,2079,43,-19.0,33.0,12.54902,0.89,3.125,0.0,unsafe
2,14.901960999999998,75,18.75,18.75,69,2151,44,-43.0,33.0,19.215685999999998,0.095,22.65625,0.0,unsafe
2,17.647059,76,19.53125,39.0625,49,2309,48,-22.5,33.0,2.745098,0.075,0.0,0.36,unsafe
4,2.745098,76,0.0,89.84375,15,2162,44,-17.5,33.0,2.3529412,0.005,0.0,0.0,unsafe
4,2.745098,76,0.0,94.53125,19,1813,37,-20.0,33.0,6.6666667,0.005,0.0,0.0,unsafe
2,4.7058824,76,-6.25,99.21875,31,1390,21,-53.5,34.0,25.882353,0.085,14.84375,0.0,unsafe
2,23.921569,77,24.21875,3.90625,99,2010,32,-48.5,34.0,48.627451,0.135,13.28125,0.0,unsafe
2,33.72549,77,1.5625,64.0625,22,1981,39,-51.5,33.0,29.411765000000003,0.65,-2.34375,0.0,unsafe
2,26.666666999999997,77,0.0,1.5625,79,2174,45,-39.0,34.0,2.3529412,0.13,0.0,0.0,unsafe
4,2.745098,78,0.0,99.21875,43,2110,44,-31.5,33.0,12.941175999999999,0.05,7.8125,0.0,unsafe
4,3.9215686,78,0.0,92.1875,16,2037,42,-20.0,33.0,14.117647,0.84,0.78125,0.0,unsafe
2,20.784314000000002,79,22.65625,19.53125,71,2100,43,-42.5,33.0,16.862745,0.135,5.46875,0.0,unsafe
2,15.686275,79,18.75,99.21875,43,2184,45,-56.0,33.0,0.78431373,0.01,0.0,0.0,unsafe
4,2.745098,79,0.0,95.3125,18,1789,37,-20.5,33.0,1.9607843,0.0,0.0,0.0,unsafe
4,3.9215686,79,6.25,99.21875,42,1149,20,-61.0,33.0,13.725489999999999,0.675,23.4375,0.0,unsafe
2,15.686275,80,24.21875,10.15625,95,1522,24,-54.0,34.0,26.666666999999997,0.49,31.25,0.04,unsafe
2,24.705882,80,33.59375,3.125,99,1994,32,-50.0,34.0,48.627451,0.165,18.75,0.07,unsafe
4,11.764706,80,0.0,21.875,76,1758,37,-49.5,33.0,16.470588,0.085,24.21875,0.09,unsafe
4,5.8823529,81,0.0,96.09375,18,1778,37,-20.5,33.0,5.8823529,0.005,0.0,0.0,unsafe
2,8.627450999999999,81,-6.25,71.09375,59,1713,36,-48.5,33.0,7.8431372999999995,0.1,33.59375,0.05,unsafe
2,15.686275,82,33.59375,16.40625,70,1824,38,-53.5,33.0,0.78431373,0.03,0.0,0.075,unsafe
4,1.9607843,82,0.0,97.65625,30,1745,36,-50.5,33.0,16.078431,0.04,15.625,0.065,unsafe
2,14.901960999999998,82,19.53125,36.71875,49,1861,39,-44.0,33.0,17.254901999999998,0.055,13.28125,0.07,unsafe
2,5.8823529,82,0.0,94.53125,17,1881,39,-20.0,33.0,1.5686275,0.0,0.0,0.0,unsafe
4,1.9607843,82,0.0,99.21875,24,1144,25,-49.5,33.0,4.7058824,0.075,21.875,0.03,unsafe
2,2.745098,81,32.8125,16.40625,78,1278,20,-53.5,33.0,24.313725,0.82,25.0,0.085,unsafe
2,20.0,81,12.5,6.25,95,1807,29,-52.0,34.0,30.196078000000004,0.805,12.5,0.125,unsafe
2,28.627451,81,21.09375,0.78125,94,2444,39,-58.5,33.0,1.9607843,0.045,0.0,0.135,unsafe
2,20.0,80,12.5,16.40625,67,2015,41,-62.0,33.0,12.156863000000001,0.37,0.0,0.14,unsafe
2,15.686275,79,9.375,25.0,41,2000,42,-56.0,33.0,0.78431373,0.025,0.0,0.07,unsafe
4,15.686275,78,-9.375,14.84375,82,2055,42,-44.5,33.0,14.509804,0.775,15.625,0.09,unsafe
2,9.8039216,78,16.40625,99.21875,35,2145,44,-55.0,33.0,1.1764706,0.02,0.0,0.105,unsafe
4,2.745098,77,0.0,93.75,18,1960,40,-20.0,33.0,2.3529412,0.0,0.0,0.0,unsafe
4,2.745098,77,0.0,96.09375,19,1769,36,-20.5,33.0,2.3529412,0.0,0.0,0.0,unsafe
4,2.745098,77,7.03125,99.21875,25,1345,27,47.5,33.0,3.5294117999999997,0.04,37.5,0.05,unsafe
2,2.745098,77,54.6875,99.21875,33,872,15,-50.0,33.0,2.745098,0.83,43.75,0.08,unsafe
2,2.745098,77,37.5,99.21875,37,833,2,-53.0,33.0,3.1372549,0.8,27.34375,0.095,unsafe
2,13.725489999999999,81,28.125,21.09375,56,1279,7,-49.0,34.0,5.8823529,0.73,35.15625,0.145,unsafe
2,2.745098,81,25.0,-7.03125,60,1472,8,-42.0,34.0,12.54902,0.08,10.15625,0.15,unsafe
4,2.745098,80,3.90625,28.125,57,2156,12,-41.0,34.0,3.5294117999999997,0.0,0.0,0.06,unsafe
4,7.8431372999999995,80,-7.03125,20.3125,70,1506,16,-45.0,34.0,5.0980392,0.005,23.4375,0.065,unsafe
2,4.7058824,79,19.53125,22.65625,79,1661,18,-52.0,34.0,26.27451,0.71,35.15625,0.145,unsafe
2,28.627451,80,11.71875,0.0,90,2639,29,-55.0,34.0,19.607843,0.86,0.0,0.16,unsafe
2,24.705882,80,20.3125,2.34375,95,2157,34,-47.5,34.0,30.980392,0.725,12.5,0.18,unsafe
2,32.941176,80,12.5,48.4375,20,2127,41,-51.5,34.0,26.666666999999997,0.05,14.84375,0.175,unsafe
2,21.960784,81,14.84375,21.09375,73,2097,44,-49.5,34.0,0.78431373,0.005,0.0,0.18,unsafe
4,1.9607843,81,0.0,96.09375,16,1710,35,-21.0,34.0,4.7058824,0.0,0.0,0.005,unsafe
2,3.9215686,81,16.40625,99.21875,35,1922,20,-45.0,34.0,24.313725,0.045,16.40625,0.1,unsafe
2,29.803921999999996,82,13.28125,0.0,94,2781,30,-43.0,34.0,9.019607800000001,0.055,0.0,0.125,unsafe
4,25.882353,82,5.46875,1.5625,94,2212,36,-47.0,34.0,29.411765000000003,0.755,19.53125,0.15,unsafe
2,32.941176,82,24.21875,-1.5625,36,2484,42,-48.0,34.0,30.196078000000004,0.635,-6.25,0.16,unsafe
2,27.843137,82,1.5625,13.28125,77,2239,47,-41.5,34.0,0.78431373,0.06,0.0,0.175,unsafe
4,2.745098,83,0.0,92.96875,16,1888,38,-20.0,34.0,0.78431373,0.0,0.0,0.0,unsafe
4,4.7058824,83,8.59375,99.21875,35,1098,20,62.0,34.0,17.647059,0.735,17.96875,0.1,unsafe
2,24.705882,83,20.3125,0.78125,95,2389,26,-47.0,35.0,28.235294,0.685,0.0,0.135,unsafe
4,6.6666667,83,-1.5625,3.90625,99,1971,31,-51.0,35.0,65.490196,0.71,10.15625,0.15,unsafe
2,31.764706,83,7.8125,0.78125,99,2485,39,-47.0,35.0,1.1764706,0.16,0.0,0.15,unsafe
4,24.705882,82,-3.90625,3.90625,91,1949,40,-48.5,34.0,18.823529,0.745,4.6875,0.16,unsafe
4,3.9215686,82,0.0,96.09375,17,1726,35,-21.0,34.0,4.7058824,0.005,0.0,0.02,unsafe
2,3.9215686,82,16.40625,99.21875,38,2010,20,-46.0,34.0,29.411765000000003,0.115,15.625,0.115,unsafe
2,30.980392,83,23.4375,0.0,95,2795,30,-64.0,34.0,9.8039216,0.725,0.0,0.135,unsafe
2,26.666666999999997,82,19.53125,3.125,99,2071,32,-50.0,35.0,55.294118000000005,0.745,18.75,0.15,unsafe
2,31.764706,82,18.75,0.78125,98,2464,39,-47.5,35.0,1.5686275,0.21,0.0,0.145,unsafe
4,24.705882,82,1.5625,3.90625,99,1973,40,-52.0,35.0,63.137255,0.225,18.75,0.16,unsafe
2,28.627451,82,-1.5625,1.5625,82,2134,44,-44.5,35.0,19.215685999999998,0.62,3.125,0.155,unsafe
2,27.843137,83,4.6875,3.125,84,2264,47,-43.5,35.0,20.0,0.145,11.71875,0.155,unsafe
2,21.960784,83,2.34375,8.59375,63,2373,49,-54.0,34.0,0.78431373,0.03,0.0,0.15,unsafe
4,1.9607843,83,0.0,90.625,15,2048,42,-20.0,34.0,1.5686275,0.0,0.0,0.0,unsafe
4,4.7058824,83,7.8125,99.21875,26,1680,25,-59.5,34.0,16.862745,0.805,25.0,0.095,unsafe
2,21.960784,83,28.125,4.6875,99,1935,31,-51.0,35.0,60.392157,0.735,21.09375,0.14,unsafe
2,32.941176,83,21.09375,0.0,57,2397,39,-58.0,34.0,20.0,0.405,-3.125,0.155,unsafe
2,21.960784,83,21.875,18.75,59,2076,43,-17.5,34.0,17.254901999999998,0.895,10.9375,0.175,unsafe
2,18.823529,83,22.65625,23.4375,50,2211,46,-27.5,34.0,8.627450999999999,0.235,-7.03125,0.18,unsafe
2,2.745098,83,32.03125,89.84375,16,2183,45,-17.0,34.0,1.9607843,0.015,0.0,0.19,unsafe
4,2.745098,83,0.0,92.1875,17,2075,43,-19.0,34.0,2.3529412,0.005,0.0,0.0,unsafe
4,2.745098,83,0.0,93.75,19,1978,41,-20.0,34.0,2.745098,0.005,0.0,0.0,unsafe
4,2.745098,82,0.0,95.3125,19,1865,38,-20.0,35.0,2.745098,0.005,0.0,0.0,unsafe
4,2.745098,82,0.0,97.65625,19,1709,35,-20.5,35.0,2.3529412,0.005,0.0,0.0,unsafe
4,2.745098,81,0.0,99.21875,26,1249,33,63.5,35.0,4.313725499999999,0.305,0.0,0.05,unsafe
4,2.745098,81,0.0,92.96875,18,2034,32,-41.0,35.0,8.627450999999999,0.035,8.59375,0.035,unsafe
2,8.627450999999999,81,43.75,91.40625,26,2147,33,-35.5,35.0,13.725489999999999,0.8,39.0625,0.1,unsafe
2,17.647059,81,16.40625,10.15625,69,2359,37,-40.0,35.0,16.862745,0.795,26.5625,0.125,unsafe
2,15.686275,80,0.0,92.1875,22,1960,40,-39.5,35.0,13.725489999999999,0.055,14.0625,0.135,unsafe
2,13.725489999999999,80,0.0,92.1875,18,2032,42,-20.0,35.0,1.5686275,0.0,0.0,0.09,unsafe
4,2.745098,80,0.0,96.875,18,1706,34,-21.0,35.0,3.9215686,0.0,0.0,0.0,unsafe
2,2.745098,81,15.625,99.21875,33,975,22,-64.0,35.0,3.9215686,0.58,27.34375,0.065,unsafe
2,2.745098,81,20.3125,99.21875,39,893,9,-60.5,35.0,3.1372549,0.71,9.375,0.095,unsafe
2,2.745098,81,10.15625,15.625,62,1619,4,-42.0,35.0,12.156863000000001,0.79,12.5,0.12,unsafe
4,3.9215686,81,0.0,99.21875,33,1412,10,-41.0,35.0,11.764706,0.805,-9.375,0.115,unsafe
2,13.725489999999999,81,6.25,7.03125,95,1890,20,-50.0,36.0,30.980392,0.535,10.9375,0.115,unsafe
4,15.686275,81,0.0,82.03125,59,1905,30,-51.0,35.0,30.196078000000004,0.75,12.5,0.12,unsafe
2,30.980392,81,28.125,0.0,72,2589,41,-16.0,35.0,30.980392,0.7,6.25,0.12,unsafe
2,25.882353,81,27.34375,21.875,45,2261,47,-16.0,35.0,6.2745098,0.69,20.3125,0.135,unsafe
2,5.8823529,81,13.28125,75.78125,26,2318,48,-16.0,35.0,6.6666667,0.705,10.15625,0.14,unsafe
2,6.6666667,81,19.53125,75.0,17,2298,47,-16.0,35.0,2.3529412,0.005,0.0,0.025,unsafe
4,2.745098,81,0.0,90.625,22,2158,45,-17.0,35.0,11.372549000000001,0.565,21.875,0.065,unsafe
2,14.901960999999998,80,24.21875,21.09375,53,2289,47,-28.0,35.0,10.980392,0.49,-7.03125,0.12,unsafe
2,11.764706,80,13.28125,78.90625,34,2328,50,-16.0,35.0,1.9607843,0.0,0.0,0.07,unsafe
4,11.764706,80,3.125,68.75,44,2314,49,-47.5,35.0,1.9607843,0.0,0.0,0.025,unsafe
4,2.745098,80,0.0,84.375,16,2214,46,-16.5,35.0,2.3529412,0.0,0.0,0.0,unsafe
4,2.745098,80,0.0,93.75,19,1956,40,-20.0,35.0,2.745098,0.0,0.0,0.0,unsafe
4,2.745098,79,0.0,96.09375,19,1764,36,-20.5,35.0,2.745098,0.0,0.0,0.0,unsafe
4,4.7058824,79,10.15625,99.21875,40,1063,15,-64.0,36.0,4.313725499999999,0.585,23.4375,0.08,unsafe
2,3.9215686,79,15.625,99.21875,40,892,4,-50.5,36.0,3.5294117999999997,0.795,3.90625,0.105,unsafe
2,3.9215686,79,17.96875,95.3125,46,928,4,-45.5,36.0,10.196078,0.78,5.46875,0.115,unsafe
2,12.941175999999999,79,17.1875,14.0625,70,2435,13,-34.0,36.0,1.1764706,0.01,0.0,0.13,unsafe
4,11.764706,80,0.0,16.40625,60,1519,16,-61.0,35.0,3.9215686,0.56,27.34375,0.135,unsafe
2,2.745098,80,18.75,99.21875,33,856,11,-45.0,35.0,2.3529412,0.51,9.375,0.14,unsafe
2,2.745098,80,11.71875,99.21875,36,830,3,-48.0,35.0,2.745098,0.17,13.28125,0.145,unsafe
